,value
i1.ytimg.com,1382
s.youtube.com,1354
www.youtube.com,1307
www.facebook.com,897
www.google.fr,857
r4---sn-gxo5uxg-jqbe.googlevideo.com,609
r1---sn-gxo5uxg-jqbe.googlevideo.com,522
apis.google.com,522
s.ytimg.com,451
r2---sn-gxo5uxg-jqbe.googlevideo.com,447
www.google.com,437
s-static.ak.facebook.com,381
r3---sn-gxo5uxg-jqbe.googlevideo.com,371
twitter.com,293
static.ak.facebook.com,291
vk.com,286
translate.google.fr,274
platform.twitter.com,272
yt3.ggpht.com,236
mts0.google.com,215
www.info-jeunes.net,209
clients1.google.com,206
www.audienceinsights.net,204
www.melty.fr,188
gg.google.com,159
plus.googleapis.com,155
mts1.google.com,153
api.bing.com,151
www.dailymotion.com,150
youwatch.org,150
deliv.leboncoin.fr,143
login.live.com,129
static.leboncoin.fr,126
khms0.google.fr,125
khms1.google.fr,124
wwwd.caf.fr,123
accounts.google.com,121
media.melty.fr,121
www.leboncoin.fr,110
connect.facebook.net,109
clients1.google.fr,106
h.live.com,100
docs.google.com,98
ajax.googleapis.com,98
www.youtube-nocookie.com,93
0.gravatar.com,82
1.gravatar.com,81
maps.google.fr,81
windowslive.tt.omtrdc.net,80
193.164.197.50,73
media-1.melty.fr,71
www.demotivateur.fr,69
maps.googleapis.com,69
fr.glee.wikia.com,68
drive.google.com,68
www.caf.fr,68
api.adyoulike.com,67
193.164.197.40,67
ad.melty.fr,66
193.164.196.40,66
193.164.197.30,63
193.164.196.60,61
www.cjn.justice.gouv.fr,58
193.164.196.50,57
smart.allocine.fr,56
193.164.197.60,55
193.164.196.30,54
fr.msn.com,53
www.banque-chalus.fr,53
gdata.youtube.com,52
fr.web.img1.acsta.net,51
www.bing.com,50
khms0.google.com,49
khms1.google.com,49
go.trouter.io,48
slot1.images.wikia.nocookie.net,46
dub111.mail.live.com,46
dub119.mail.live.com,44
dub128.mail.live.com,44
www.allocine.fr,42
tracking.melty.fr,40
s.videostep.com,40
i4.ytimg.com,40
www.voyages-sncf.com,37
fr.web.img2.acsta.net,37
syndication.twitter.com,36
accn.allocine.net,36
de.tynt.com,36
static1.purepeople.com,36
people.directory.live.com,35
disqus.com,35
img2.wikia.nocookie.net,34
www.purepeople.com,34
fr.web.img3.acsta.net,34
g.msn.com,33
img1.wikia.nocookie.net,33
g1ujynb3gx.b.ad6media.fr,33
fr.web.img4.acsta.net,33
www.blogger.com,32
asset.email-match.com,31
video.tt,31
fr.web.img6.acsta.net,31
www13.glam.com,31
www.video.tt,30
www.jeux.com,30
login.vk.com,29
www.wat.tv,28
fr.web.img5.acsta.net,28
cloud.cashtrafic.info,28
h2.msn.com,28
candidat.pole-emploi.fr,28
www35.glam.com,27
lh3.ggpht.com,27
www.bbc.co.uk,26
storage.live.com,26
halc.iadvize.com,26
compteperso.leboncoin.fr,26
pbs.twimg.com,26
mail.live.com,26
secure.shared.live.com,26
www.kelbillet.com,25
s.aeriastatic.com,25
id.google.fr,25
clients6.google.com,25
www.pole-emploi.fr,25
reviewer.lavoixdunord.fr,24
img4.wikia.nocookie.net,24
www.indeed.fr,24
cid-ed6c3e6a5c6608a4.users.storage.live.com,24
c.fr.msn.com,24
rutube.ru,24
glee.hypnoweb.net,23
plugins.longtailvideo.com,23
apiv1.scribblelive.com,23
www.regarder-film-gratuit.com,23
lh6.ggpht.com,23
i.htfacile.fr,22
www.aeriagames.com,22
a69.g.akamai.net,22
www.clermont-filmfest.com,22
cackle.me,22
graph.facebook.com,22
smart2.allocine.fr,22
sync.uuidcshmg.com,22
demotivateur.disqus.com,22
static.programme-tv.net,22
www.rhonealpesjob.com,21
news.bbcimg.co.uk,21
hal9000.redintelligence.net,20
exashare.com,20
img3.wikia.nocookie.net,20
lh4.ggpht.com,20
banniere.reussissonsensemble.fr,20
bits.wikimedia.org,20
ieonline.microsoft.com,20
g.live.com,19
widget.achetezfacile.com,19
i2.ytimg.com,19
static.flickr.com,18
www.tete-en-lair.com,18
fr.ad4mat.net,18
lh5.ggpht.com,18
hotmail.fr,18
static.videostep.com,17
go.disqus.com,17
img.youtube.com,17
static.weezbe.com,16
fr-himedia.videoplaza.tv,16
i0.wp.com,16
maps.google.com,16
fr.wikipedia.org,16
www.thefreecamsecret.com,16
0.docs.google.com,16
l.longtailvideo.com,16
w.sharethis.com,15
its.tradelab.fr,15
0.drive.google.com,15
api.facebook.com,15
www.filmstreamingvk.ws,15
s.srvntrk.com,14
browser-update.org,14
js.live.net,14
code.jquery.com,14
um.simpli.fi,14
www.express.co.uk,14
youtube.fr,14
seriestreaming.org,14
login.secure.emea.msn.com,14
www.hebdotop.com,14
m.ad6media.fr,14
rp.gwallet.com,13
r3---sn-4g57kued.googlevideo.com,13
www.jobisjob.fr,13
www.a2micile.com,13
regie.espace-plus.net,13
r7---sn-4g57kued.googlevideo.com,13
www.googleapis.com,13
foiredustreaming.com,13
auto.img.v4.skyrock.net,13
r8---sn-4g57kues.googlevideo.com,13
r1---sn-cg07luel.googlevideo.com,13
static.bbci.co.uk,13
mm.eulerian.net,13
glee.wikia.com,12
s.radio-canada.ca,12
rubicon-match.dotomi.com,12
cid-4390f92c7906cc9c.users.storage.live.com,12
www.programme-tv.net,12
lp.longtailvideo.com,12
www2.leboncoin.fr,12
r2---fra07t13.googlevideo.com,12
fpdownload2.macromedia.com,12
r2---sn-aigllm7e.googlevideo.com,12
www35t.glam.com,12
full-stream.net,11
i3.ytimg.com,11
slot1.images3.wikia.nocookie.net,11
spring-breakers.wikia.com,11
www.auvergne.afpa.fr,11
streamzzz.com,11
www.hellopro.fr,11
www.brgm.fr,11
my.cloudify.cc,11
livepassdl.conviva.com,11
www.ultimedia.com,11
meta.wikimedia.org,11
www.lacafrecrute.fr,10
mcetv.fr,10
seweb.videostep.com,10
2.bp.blogspot.com,10
jooble-fr.com,10
images.wikia.com,10
emp.bbci.co.uk,10
kwebstat.videostep.com,10
ad.publicidees.com,10
h0io25vbe3.s.ad6media.fr,10
spoilertv.springboardplatform.com,10
www.jeux.fr,10
1.bp.blogspot.com,10
www.monalbumphoto.fr,10
medias.weezbe.com,10
slot1.images1.wikia.nocookie.net,10
cache.20minutes.fr,10
static1.videostep.com,10
choices.truste.com,10
match.rtbidder.net,10
tc.airfrance.com,10
s3.amazonaws.com,9
slot1.images2.wikia.nocookie.net,9
zupimages.net,9
www.ajoutezvotresite.com,9
653.studyrama.com,9
ce.lijit.com,9
admin.brightcove.com,9
www.horairetrain.net,9
atout.email-match.com,9
probe.cedexis.org,9
3.bp.blogspot.com,9
www.live.bbc.co.uk,9
img.over-blog.com,9
test-orientation.studyrama.com,9
www.exashare.com,9
graphics8.nytimes.com,9
sa.bbc.com,9
images.allocine.fr,9
google.fr,8
mts3.google.com,8
www.90c.fr,8
www.yeslibertin.com,8
www.congres-medical.com,8
www.reddit.com,8
regarder-film-gratuit.com,8
www.meltyfashion.fr,8
braindamaged.fr,8
4.bp.blogspot.com,8
wwwimages.adobe.com,8
kweb.videostep.com,8
static.tumblr.com,8
www.maxitoys.fr,8
optim.dekalee.fr,8
assets.tumblr.com,8
04.wir.skyrock.net,8
www.springboardplatform.com,8
wwwstats.brgm.fr,8
vodlocker.com,8
www.beepjob.com,8
pixel.alephd.com,8
img1.video.s-msn.com,8
www.blastr.com,8
plus.lefigaro.fr,8
mt0.googleapis.com,8
www.regles-de-jeux.com,8
www.anonymousdmp.com,8
d1zdqwv4o6pivl.cloudfront.net,8
1.docs.google.com,8
vkstreaming-series.com,8
mts1.googleapis.com,8
tru.am,8
img1.blogblog.com,8
login.wikimedia.org,7
unlni1eiy0.s.ad6media.fr,7
www.jobijoba.com,7
open.live.bbc.co.uk,7
www.starstable.com,7
www.staragora.com,7
b12.myspace.com,7
player.vimeo.com,7
www.qapa.fr,7
inskin01.wt-eu02.net,7
static.v5.skyrock.net,7
www.radio-canada.ca,7
abc.www.express.co.uk,7
lacapoeira.free.fr,7
static77.jobisjob.com,7
www.linkedin.com,7
network.aufeminin.com,7
mts0.googleapis.com,7
news.bbc.co.uk,7
fdata.over-blog.net,7
mt1.googleapis.com,7
betacie.cachefly.net,7
deliv.bayard-pub.com,7
krxd.nexac.com,7
www.viedemerde.fr,7
pagesmed-assets.s3.amazonaws.com,7
dev.wikia.com,7
r3---sn-4g57kuer.googlevideo.com,7
open.bbci.co.uk,7
www.meltyfood.fr,7
mts2.google.com,7
andromeda5.com,7
www.adobe.com,7
www.casier-judiciaire.org,7
t.voyages-sncf.com,7
www.activistpost.com,7
www.lacoope.org,6
nayariverasource.com,6
r8---sn-4g57kue6.googlevideo.com,6
www.vends-ta-culotte.com,6
static.qapa.fr,6
accounts.youtube.com,6
a248.e.akamai.net,6
cimg.leguide.com,6
www.melty.it,6
dub111.afx.ms,6
pings.conviva.com,6
31.media.tumblr.com,6
www.lepoint.fr,6
www.geoforum.fr,6
ea.numericable.fr,6
leplus.nouvelobs.com,6
c1.adform.net,6
static.mediabong.com,6
adventori.com,6
www.vdm.fr,6
geo0.ggpht.com,6
a.nonstoppartner.net,6
footage.framepool.com,6
p.sfx.ms,6
referentiel.nouvelobs.com,6
imworld.aufeminin.com,6
cdnjs.cloudflare.com,6
megaphone-sonorisation-portable.com,6
r8---sn-4g57kuek.googlevideo.com,6
www.contrepoints.org,6
dc46.s233.meetrics.net,6
www.purefans.com,6
www.magasins-u.com,6
pixel2368.everesttech.net,6
a405.idata.over-blog.com,6
img.123rf.net,6
d3fqh47ho4rujh.cloudfront.net,6
s.wat.tv,6
xof2q195ix.s.ad6media.fr,6
proxy-blu-people.directory.live.com,6
danstonchat.com,6
fidelite-programme-voyageur.sncf.com,6
player.mediabong.com,6
api.spilgames.com,6
rbp.mxptint.net,6
www.melty.es,6
api.web-editions.fr,6
a.ad-sys.com,6
wtpn.twenga.fr,6
platform.linkedin.com,6
accounts.google.fr,6
static.ad4mat.net,6
idata.over-blog.com,6
d36xtkk24g8jdx.cloudfront.net,6
api.skype.com,6
www.lefigaro.fr,6
www.rhonealpes.fr,6
cdn24.ne.be,5
byfiles.storage.msn.com,5
mt.google.com,5
c.msn.com,5
www.mail.live.com,5
widget.uservoice.com,5
sam.zebestof.com,5
sfr.cedexis.com,5
a397.idata.over-blog.com,5
asset0.serieweb.com,5
r8---sn-4g57kuel.googlevideo.com,5
r4---sn-cg07lues.googlevideo.com,5
a401.idata.over-blog.com,5
www.billetreduc.com,5
www.rcmp-grc.gc.ca,5
calotag.com,5
www.tuxboard.com,5
i.videostep.com,5
cntr.adrcntr.com,5
www.cgrcinemas.fr,5
streaming.springboardvideo.com,5
r7---sn-cg07lued.googlevideo.com,5
y.one.impact-ad.jp,5
links.kelbillet.com,5
a133.idata.over-blog.com,5
a402.idata.over-blog.com,5
r1---sn-4g57kuer.googlevideo.com,5
www.serieweb.com,5
a407.idata.over-blog.com,5
www.mes-meilleurs-films.fr,5
level3.cedexis.com,5
www.nytimes.com,5
www.sefaireaider.com,5
logs.spilgames.com,5
eulerian.canal-plus.com,5
mw2.google.com,5
apnx-match.dotomi.com,5
foglio.basilic.io,5
www.blogblog.com,5
r8---sn-cg07lue6.googlevideo.com,5
yui.yahooapis.com,5
a395.idata.over-blog.com,5
r7---sn-4g57kuer.googlevideo.com,5
a136.idata.over-blog.com,5
r5---sn-cg07luez.googlevideo.com,5
hit.leboncoin.fr,5
static.xs-software.com,5
www.tumblr.com,5
gravatar.com,5
fr.123rf.com,5
cdns.gigya.com,5
static.koramgame.com,5
www.actu-environnement.com,5
style2.ad6.fr,5
a137.idata.over-blog.com,5
pr.ybp.yahoo.com,5
static.bbc.co.uk,5
www.r-c.ca,5
a403.idata.over-blog.com,5
broadcast.piximedia.fr,5
edge.sharethis.com,5
i.ytimg.com,5
79.98.96.110,5
hub.video.msn.com,5
www.emploi-environnement.com,5
u.videostep.com,5
s.wat.fr,4
asset1.serieweb.com,4
a392.idata.over-blog.com,4
i2.wp.com,4
img2.video.s-msn.com,4
www.schaerbeek.be,4
s0.wat.fr,4
prod.registrar.skype.com,4
api.fidji.lefigaro.fr,4
glee-france.fr,4
retargeting.veoxa.com,4
r4---sn-cg07luel.googlevideo.com,4
images.orangepublicite.fr,4
media.espace-plus.net,4
fr.mlgame.org,4
js.nyt.com,4
agora.qc.ca,4
us.cdn2.123rf.com,4
brgm-recrute.talent-soft.com,4
assets.ebz.io,4
videosfr.s3.amazonaws.com,4
ci.impdesk.com,4
www.pagesmed.com,4
farm8.static.flickr.com,4
comptepro.leboncoin.fr,4
h.bing.com,4
www.be2.fr,4
feedback20.s3.amazonaws.com,4
cs.specificclick.net,4
assets5.lefigaro.fr,4
js.sddan.com,4
clients2.google.com,4
en.wikipedia.org,4
www.studyrama.com,4
premium.hi-mediaserver.com,4
slot1.images4.wikia.nocookie.net,4
endor.mediabong.com,4
assets4.lefigaro.fr,4
evt.adrcntr.com,4
media.meltyfood.fr,4
www.presentezvous.com,4
fby.s3.amazonaws.com,4
media.prizee.com,4
node1.bbcimg.co.uk,4
cshoppingbox.partner.leguide.com,4
www.lesobservateurs.ch,4
asset3.serieweb.com,4
naruto.games.la,4
promo.maxidivx.com,4
a400.idata.over-blog.com,4
img2.blogblog.com,4
www.neatorama.com,4
livestats.fr,4
offre.pole-emploi.fr,4
a54.idata.over-blog.com,4
www.actu-money.com,4
www.aufeminin.com,4
mfr.meteofrance.com,4
media.csf.gouv.qc.ca,4
a404.idata.over-blog.com,4
fbstatic-a.akamaihd.net,4
cdnss.freepik.com,4
asset2.serieweb.com,4
www.musicmove-store.com,4
media.goodgamestudios.com,4
fr.anno-online.com,4
static3.fr.anno-online.com,4
listener.ezakus.net,4
fr.conv.indeed.com,4
iad.rackspace.bench.cedexis.com,4
static.mylittlefarmies.de,4
cid-9ab66031678d7800.users.storage.live.com,3
braindamagedfr.disqus.com,3
p1.storage.canalblog.com,3
s0.wp.com,3
media.cyrillus.fr,3
lp.koramgame.com,3
p.typekit.net,3
a141.idata.over-blog.com,3
cdn-files.deezer.com,3
videoplayer.ru,3
support.google.com,3
ada.brucelead.com,3
a142.idata.over-blog.com,3
cip.gagnoo.com,3
annonces-emploi.vivastreet.com,3
r8---sn-cg07lued.googlevideo.com,3
liftium.wikia.com,3
sitelife.radio-canada.ca,3
media.hypnoweb.net,3
msn.careerbuilder.fr,3
a398.idata.over-blog.com,3
om.forgeofempires.com,3
go.microsoft.com,3
zopim.com,3
actudesfinances.info,3
cnn.disqus.com,3
cloudfront.cedexis.com,3
n.dyntrk.com,3
www.glucoburner.com,3
www.ohmymag.com,3
admaym.com,3
dtm.footlocker.com,3
img.icbdr.com,3
badges.instagram.com,3
bonplan1.com,3
thumb10.shutterstock.com,3
photos.cityvox.com,3
playlists.bbc.co.uk,3
p4.storage.canalblog.com,3
hotmailproxy.fr.msn.com,3
fr.aion.gameforge.com,3
med.wat.tv,3
www.get-the-look.fr,3
assets.pinterest.com,3
r6---sn-cg07luer.googlevideo.com,3
assets-pub.lefigaro.fr,3
us.cdn3.123rf.com,3
www.123rf.com,3
www.astuce2014.com,3
s.kau.li,3
r3---sn-cg07luel.googlevideo.com,3
cinefac.o2switch.net,3
lp.jerencontre.fr,3
cpm1.affiz.net,3
s1.karafun.com,3
static.neatoshop.com,3
limelight.cedexis.com,3
www2.glam.com,3
up.bidsystem.com,3
wawa-series.com,3
blog.topheman.com,3
offre.jobisjob.fr,3
www.hot-live-chat.com,3
toutesunart.tumblr.com,3
sc.wawa-series.com,3
x2.vindicosuite.com,3
login.skype.com,3
maps-api-ssl.google.com,3
femmesdispo.com,3
socialcam.com,3
static1.shopoon.fr,3
s.ixiaa.com,3
i10.twenga.com,3
www.ined.fr,3
dsp.active-agent.com,3
mrpyros.over-blog.com,3
p7.storage.canalblog.com,3
media-social.s-msn.com,3
www.chronometre-en-ligne.com,3
www.njobs.fr,3
static.jobrapido.com,3
img.media-rendering1.com,3
r.kelkoo.com,3
player.vimple.ru,3
ibeu2.mookie1.com,3
word-view.officeapps.live.com,3
storage.canalblog.com,3
assets.zendesk.com,3
p8.storage.canalblog.com,3
wd.sharethis.com,3
www.syfy.com,3
edition.cnn.com,3
www.groupon.fr,3
ajax.cloudflare.com,3
www.melty.de,3
hiroservers.appspot.com,3
thumb15.shutterstock.com,3
culture-et-debats.over-blog.com,3
kingsandlegends.com,3
facebook.madmoo.com,3
storage.googleapis.com,3
www.allsoftdll.com,3
media.meltyfashion.fr,3
api.choicestream.com,3
sqm.telemetry.microsoft.com,3
ia.nspmotion.com,3
calendrier.voyages-sncf.com,3
boutique-online.orange.fr,3
www.allgoob.com,3
www.melty.com.br,3
spotlights.wikia.net,3
comments.us1.gigya.com,3
img.src.ca,3
pic.rutube.ru,3
www.secours-catholique.org,3
fr.webmaster-rank.info,2
gcm.ezakus.net,2
www.nbcudigitaladops.com,2
adm.fwmrm.net,2
www.thesuburbanjungle.com,2
2.drive.google.com,2
assets3.lefigaro.fr,2
divertissements.fr.msn.com,2
user-disp.tidaltv.com,2
emea3.recruitmentplatform.com,2
static.freepik.com,2
us.123rf.com,2
www.softonic.fr,2
p3.storage.canalblog.com,2
js.microsoft.com,2
static.viva-images.com,2
netdna.cedexis.com,2
player.mediabong.net,2
seal-chicago.bbb.org,2
cdn2.freepik.com,2
static1.purebreak.com,2
fr-fr.facebook.com,2
dm1files.storage.live.com,2
ak-w3.c.ooyala.com,2
ftn.fortuneo.fr,2
rbx-cdn-tpn.c4tw.net,2
cache-02.cleanprint.net,2
fastlydsa.bench.cedexis.com,2
www.tout-sur-le-web.com,2
ea.virginmobile.fr,2
d1447tq2m68ekg.cloudfront.net,2
us.cdn4.123rf.com,2
traquee.com,2
shell.windows.com,2
res1.windows.microsoft.com,2
cbks3.google.com,2
chart.apis.google.com,2
culottes-sales.fr,2
i1.wp.com,2
www.insee.fr,2
api-leplus.nouvelobs.com,2
s0.vimple.ru,2
zfacts.com,2
cdn0.bnmla.com,2
r2---sn-cg07luel.googlevideo.com,2
ichef.bbci.co.uk,2
www.01-fond-ecran.com,2
tags.qservz.com,2
static.canalblog.com,2
www.winflashplayer.com,2
dps.bing.com,2
fastly.cedexis.com,2
ie-games.com,2
sdc2.radio-canada.ca,2
media-1.meltyfashion.fr,2
bdm.programme-tv.net,2
media.mtvnservices.com,2
www.freefilmshd.com,2
www.achetezfacile.com,2
allocine-prod2.disqus.com,2
d1r2y962f8isle.cloudfront.net,2
fs5.youwatch.org,2
p5.storage.canalblog.com,2
secure.gravatar.com,2
blufiles.storage.msn.com,2
cbks0.google.com,2
cyrillus.commander1.com,2
dtm.ccs.com,2
dnn506yrbagrg.cloudfront.net,2
www.regionsjob.com,2
www.deezer.com,2
static.ndsstatic.com,2
admin.wbusiness.fr,2
m3.moostik.net,2
thumb11.shutterstock.com,2
typeface.nytimes.com,2
www.uaredesign.com,2
static1.get-the-look.fr,2
www.karafun.fr,2
ressources.regionsjob.com,2
cdn1.freepik.com,2
event.etam.com,2
akvideo.aufeminin.com,2
img.mobilenobo.net,2
inputtools.google.com,2
us.cdn1.123rf.com,2
gadcreatives.glam.com,2
fr.freepik.com,2
jeuxstrategieter.free.fr,2
pool-eu-ie.creative-serving.com,2
questions.sncf.com,2
46.105.57.81,2
www.kickstarter.com,2
p2.storage.canalblog.com,2
sondage.som.ca,2
sdc3.radio-canada.ca,2
eu1.swbdds.com,2
fr.jobrapido.com,2
sante.clermont-universite.fr,2
p0.storage.canalblog.com,2
configuration1.createmyassistant.com,2
i1.nyt.com,2
www.player.previewnetworks.com,2
fileserver.glam.com,2
fs37.youwatch.org,2
www.annuaire-web-france.com,2
badge.stumbleupon.com,2
www.infidelia.com,2
s0r.c4tw.net,2
serieweb.disqus.com,2
video.msn.com,2
www.mylittlefarmies.fr,2
www.ted.com,2
static.cbox.ws,2
www.toutmoinscher.com,2
api.allocine.fr,2
www.vos-droits.justice.gouv.fr,2
bar.madmoo.com,2
3c41ddc0.se,2
i.imgur.com,2
dm2304files.storage.live.com,2
landing.r2games.com,2
fs29.youwatch.org,2
www.financialsmartbot.com,2
raymichemin.canalblog.com,2
cdn4.freepik.com,2
api.radio-canada.ca,2
images.ted.com,2
static.cloud-media.fr,2
www.dessinemoiuneidee.org,2
ver-adt.vindicosuite.com,2
origin-www.20minutes.fr,2
app.be2.fr,2
youtube.googleapis.com,2
s233.meetrics.net,2
img.tuxboard.com,2
thumb18.shutterstock.com,2
snas.nbcuni.com,2
divertissement.orangeportails.net,2
www.gralon.net,2
api.toptenreviews.com,2
windows.microsoft.com,2
www22.glam.com,2
software.hiro.tv,2
forum.aufeminin.com,2
s20.postimg.org,2
www.meltybuzz.fr,2
cdn4711.net,2
wount.com,2
1.drive.google.com,2
log.wat.tv,2
cdn3.freepik.com,2
c.vindicosuite.com,2
instagram.com,2
s0.karafun.com,2
track.games.la,2
ie7-js.googlecode.com,2
platform.tumblr.com,2
springbreakersfilm.tumblr.com,2
www.squid-cache.org,2
p6.storage.canalblog.com,2
www.femme-cougar.tv,2
cms.abmr.net,2
stats.xs-software.com,2
affiliation.service-voyages.com,1
ww1.filmtimes.us,1
www.w3-directory.com,1
media-1.meltybuzz.fr,1
tracking.shopping-flux.com,1
img.publicidees.com,1
lefigaro.fr,1
google-sync.rutarget.ru,1
c.orange.fr,1
entertaintrain.disqus.com,1
tag.yakarouler.com,1
assets6.lefigaro.fr,1
www.gamesquat.com,1
24.media.tumblr.com,1
blogs.annuaire-web-france.com,1
dtm.urbanoutfitters.com,1
i1-js-14-3-01-10077-667481799-i.init.cedexis-radar.net,1
pic.billetreduc.fr,1
activistpost.net,1
www.i-services.net,1
static1.webedia.fr,1
geoip.radio-canada.ca,1
www.prizee.com,1
a.tile.openstreetmap.org,1
jslog.krxd.net,1
farm6.static.flickr.com,1
springbreakersfullmoviestreamingfree.blogspot.fr,1
dtlilztwypawv.cloudfront.net,1
a406.idata.over-blog.com,1
z1.ikl.bench.cedexis.com,1
perpetuo-onl.basilic.io,1
www.maboutiqueregimedukan.com,1
img.be2.com,1
images.scribblelive.com,1
ea.online.carrefour.fr,1
www.justice.gouv.fr,1
payment.web-editions.fr,1
commons.studyrama.com,1
a1.mzstatic.com,1
images.hellopro.fr,1
assets.vevo.com,1
platform.stumbleupon.com,1
i541.photobucket.com,1
statics.itslearning.com,1
im.live-guru.com,1
static.cotecine.fr,1
mmotraffic.com,1
inspxtrc.com,1
img1.ndsstatic.com,1
msfs.nspmotion.com,1
cid-e729329c2e84810c.users.storage.live.com,1
chatboxes.createmyassistant.com,1
www.clic-diffusion.com,1
yt4.ggpht.com,1
n34.hal9000.redintelligence.net,1
banners.netopartners.com,1
wt-03.com,1
facebook.com,1
www.gameduell.fr,1
www4.cbox.ws,1
imvideo2.aufeminin.com,1
www.hotmail.fr,1
www.weedoit.fr,1
cackle.ru,1
i1-js-14-3-01-10077-975669919-i.init.cedexis-radar.net,1
vindicoasset.edgesuite.net,1
csimg.leguide.com,1
static.123rf.net,1
aion.gameforge.com,1
passets.pinterest.com,1
download.ted.com,1
www.furplay.net,1
thumb9.shutterstock.com,1
filmtimes.us,1
dtm.thingsremembered.com,1
i1-js-14-3-01-10077-587614011-i.init.cedexis-radar.net,1
tracking.meltyfashion.fr,1
culottes-sales.com,1
news.google.com,1
profilepics.canalblog.com,1
pictures.modz.fr,1
www.mtv.com,1
assets-data.lefigaro.fr,1
fb20-auth.s3.amazonaws.com,1
mg.dt07.net,1
n40.hal9000.redintelligence.net,1
www.cnn.com,1
nsa34.casimages.com,1
www35f.glam.com,1
beacon4.abba.accenture.com,1
medias.norauto.fr,1
main.vodonet.net,1
dtm.anthropologie.com,1
p9.storage.canalblog.com,1
i1-js-14-3-01-10077-470179285-i.init.cedexis-radar.net,1
freehostedscripts1.net,1
thumb1.shutterstock.com,1
coreg2.premiumcollect.com,1
a5.mzstatic.com,1
b.tile.openstreetmap.org,1
www.stumbleupon.com,1
proxy-bay-people.directory.live.com,1
d2zwke71d0db6m.cloudfront.net,1
www.20minutes.fr,1
fr.player-feed.previewnetworks.com,1
static.neatorama.com,1
ptracker.be2.com,1
loadr.exelator.com,1
svcs.cnn.com,1
i11.twenga.com,1
r2games.com,1
dtm.potterybarnkids.com,1
tracking.meltyfood.fr,1
d297h9he240fqh.cloudfront.net,1
y.bstatic.com,1
widgets.pinterest.com,1
n14.hal9000.redintelligence.net,1
tag.shopping-flux.com,1
medext.the-oz.com,1
fs30.youwatch.org,1
tag.wigetmedia.com,1
rtbp-pixel.us.metanetwork.net,1
casale-match.dotomi.com,1
a.intentmedia.net,1
log-4.previewnetworks.com,1
s374.meetrics.net,1
piwik.framepool.com,1
d2zjei5vi41j27.cloudfront.net,1
www2.gamesquat.com,1
video.ted.com,1
use.typekit.net,1
ultraserve.s3-website-us-east-1.amazonaws.com,1
thumb7.shutterstock.com,1
settingsbucket.s3.amazonaws.com,1
img11.hostingpics.net,1
api.pinterest.com,1
images.dailyexpress.co.uk,1
i1-js-14-3-01-10077-647868704-i.init.cedexis-radar.net,1
payments.spilgames.com,1
imgn.dt07.net,1
i1-js-14-3-01-10334-827332484-i.init.cedexis-radar.net,1
eulerian.3suisses.fr,1
api.kickstarter.com,1
medias1.tuxboard.com,1
www.ecoleslibres.be,1
promotion.shirtinator.net,1
fs41.youwatch.org,1
img.ohmymag.com,1
feeds.bbci.co.uk,1
fstatic.iadvize.com,1
redir.adbutter.net,1
www.homovivens.org,1
event-tracking.api.jobrapido.com,1
www.be2.co.za,1
www.i-services.com,1
assets1.lefigaro.fr,1
op.trpxl.com,1
www.lesseigneurs.fr,1
www.abcompteur.com,1
www.hexagonegay.com,1
n19.hal9000.redintelligence.net,1
dtm.gap.com,1
i1-js-14-3-01-10005-16050800-i.init.cedexis-radar.net,1
d2aoz95szyy738.cloudfront.net,1
multimedia.fnac.com,1
media.billetreduc.com,1
static.cappture.com,1
jeuxstrategie1.free.fr,1
springbreakersfullmoviestreamingfree.blogspot.com,1
plg3.yumenetworks.com,1
dimelo.s3.amazonaws.com,1
trk.adbutter.net,1
ct.buzzfeed.com,1
jeuxstrategie.free.fr,1
measure.20mn.fr,1
www.programmefid.com,1
www.maghrebdesfilms.fr,1
www.beead.fr,1
www.lafibredutri.fr,1
www.ticketac.com,1
airfrance.bannerfactory.fr,1
image.toutlecine.com,1
nb-commons.storage.googleapis.com,1
ssobs.nouvelobs.com,1
www.zfacts.com,1
dimelo-users-production.s3-eu-west-1.amazonaws.com,1
id.impressiondesk.com,1
i1-js-14-3-01-10077-593659576-i.init.cedexis-radar.net,1
fr.image-1.filmtrailer.com,1
rm.piximedia.fr,1
www.shirtinator.fr,1
ajax.microsoft.com,1
images.ak.instagram.com,1
asp.ergole.fr,1
api-eu.kgoma.com,1
dm2301files.storage.live.com,1
et.eulerian.net,1
a3.mzstatic.com,1
dfp.oxom.com,1
res2.windows.microsoft.com,1
api.thumbr.it,1
tracker.the-other-store.net,1
c04a6e.r.axf8.net,1
dtm.express.com,1
account.live.com,1
edigitalsurvey.com,1
www.coolflvplayer.com,1
i1-js-14-3-01-10165-192443829-i.init.cedexis-radar.net,1
images.integral-marketing.com,1
fs19.youwatch.org,1
video.annuaire-web-france.com,1
dpm.zebestof.com,1
style.ad6.fr,1
www.kdukvh.com,1
toolshell.org,1
avatars.scribblelive.com,1
neto-partners.com,1
d2j0rygefnbpzs.cloudfront.net,1
fby-img.s3.amazonaws.com,1
a2.mzstatic.com,1
www.news-parfums.com,1
media.meltybuzz.fr,1
assets2.lefigaro.fr,1
www.meta-annuaire.com,1
5u68tkhcvx.s.ad6media.fr,1
mastertag.effiliation.com,1
contextweb-match.dotomi.com,1
pixelzirkus.gameforge.com,1
i1-js-14-3-01-10077-975406032-i.init.cedexis-radar.net,1
a.wount.com,1
ressources.cash-manager.biz,1
chart.googleapis.com,1
www.forma-search.com,1
n6.hal9000.redintelligence.net,1
www.blog-emploi.com,1
fr.edeneternal.aeriagames.com,1
2med.wat.tv,1
dtm.lastcall.com,1
www.gravatar.com,1
cmsstatic.aionfreetoplay.com,1
encoding.mediabong.com,1
formation.ac-clermont.fr,1
up.adki.com,1
i1-js-14-3-01-10077-785351427-i.init.cedexis-radar.net,1
partner-images.previewnetworks.com,1
